sale_id,timestamp,user_id,item_id,quantity,amount,budget,variance,spend_to_budget_ratio,days_past_due,aging_bucket
S000146,2025-04-16,U0010,I0014,3,313.2,307.11,14.8,1.0198516650007745,3,1-30
S000572,2025-05-13,U0022,I0019,1,4509.92,4356.53,591.05,1.0352095172561584,12,1-30
S000230,2025-08-24,U0014,I0012,3,114364.3,107043.05,2448.42,1.0683953725360484,27,1-30
S000203,2025-07-31,U0028,I0003,2,45251.74,47129.65,-1194.67,0.9601544505351656,0,current
S000186,2025-04-03,U0005,I0036,1,517.1,521.3,6.64,0.9919432188758872,7,1-30
S000211,2025-08-05,U0001,I0033,1,11541.84,11511.06,-2375.0,1.002674081341095,11,1-30
S000157,2025-06-26,U0007,I0015,3,459.25,468.91,-42.2,0.9793831563897636,9,1-30
S000643,2025-07-02,U0014,I0044,2,165.5,165.35,-8.35,1.000876845083653,5,1-30
S000241,2025-01-28,U0017,I0023,1,835.42,817.04,41.91,1.022498917067327,11,1-30
S000638,2025-01-28,U0023,I0014,3,161.78,173.8,-12.73,0.9308630914850684,12,1-30
S000274,2025-02-26,U0004,I0008,2,2164.4,2381.33,-213.21,0.9089038478497312,0,current
S000385,2025-03-15,U0022,I0018,3,2138.75,2174.91,96.32,0.9833740246722854,0,current
S000210,2025-07-03,U0028,I0046,3,35546.62,35094.53,1954.79,1.012882021046058,0,current
S000486,2025-01-20,U0012,I0033,3,31029.59,28674.47,4317.99,1.0821330146718118,5,1-30
S000118,2025-05-10,U0027,I0048,2,11691.27,12889.92,-1134.98,0.9070082296727184,14,1-30
S000240,2025-04-16,U0005,I0039,2,378.37,382.01,-9.8,0.9904619769832724,30,1-30
S000585,2025-06-17,U0008,I0043,1,2799.38,2997.77,-413.99,0.9338205849299306,3,1-30
S000500,2025-04-17,U0016,I0043,2,4458.76,4635.41,-252.64,0.9618902034481376,5,1-30
S000058,2025-05-29,U0023,I0011,3,15583.69,15960.17,-18.54,0.9764111983180832,12,1-30
S000788,2025-06-11,U0019,I0019,2,5773.89,5859.37,561.73,0.985411314042346,0,current
S000579,2025-03-05,U0012,I0047,2,369.76,365.35,31.05,1.0120726079801214,4,1-30
S000380,2025-01-08,U0028,I0050,3,74.9,71.93,4.02,1.041320365494663,23,1-30
S000315,2025-05-17,U0011,I0027,3,902.9,858.81,-42.65,1.051345287316031,21,1-30
S000091,2025-05-21,U0001,I0046,3,73753.33,77930.95,1091.29,0.946393348928657,24,1-30
S000715,2025-08-20,U0025,I0011,3,38694.71,39062.27,-1225.36,0.9905904071474458,15,1-30
S000037,2025-08-15,U0014,I0016,2,24076.93,23891.26,609.13,1.0077714663834234,5,1-30
S000513,2025-02-17,U0022,I0028,3,15315.46,15726.1,187.57,0.9738880760228746,15,1-30
S000101,2025-07-05,U0024,I0005,2,57.39,55.45,13.72,1.0349598365847443,11,1-30
S000079,2025-02-09,U0021,I0033,2,13697.5,13756.72,536.54,0.9956949674089476,8,1-30
S000627,2025-08-10,U0009,I0032,3,521.85,547.48,-49.28,0.9531839362477356,14,1-30
S000253,2025-02-28,U0015,I0012,1,32371.48,33341.25,-1561.31,0.9709139325398876,0,current
S000264,2025-05-21,U0017,I0018,1,98.84,103.12,-6.21,0.9584949573312646,10,1-30
S000450,2025-03-27,U0015,I0023,3,3449.16,3514.3,-221.18,0.9814644807763448,8,1-30
S000523,2025-02-06,U0025,I0037,1,24.47,24.54,0.61,0.9974216080261894,15,1-30
S000171,2025-03-25,U0023,I0046,2,19133.56,17836.78,860.08,1.072702509072873,16,1-30
S000601,2025-05-27,U0001,I0047,1,185.36,182.36,-8.64,1.0164136981040517,0,current
S000049,2025-07-17,U0013,I0031,1,1156.49,1176.34,-26.83,0.9831256269445908,0,current
S000238,2025-04-29,U0021,I0044,3,102.02,106.57,-1.97,0.9573120388706294,19,1-30
S000764,2025-07-28,U0006,I0049,2,3218.11,3162.52,83.14,1.0175777544489837,7,1-30
S000499,2025-05-28,U0020,I0029,1,75.33,71.54,5.21,1.0528594635120685,0,current
S000617,2025-02-05,U0017,I0049,1,2227.6,2266.5,77.2,0.9828369733068608,9,1-30
S000237,2025-07-24,U0009,I0031,2,1474.21,1414.5,58.39,1.042212796041004,22,1-30
S000675,2025-01-15,U0009,I0044,3,176.34,182.28,-11.48,0.9673962715298604,11,1-30
S000308,2025-06-02,U0020,I0007,2,45737.51,49785.27,-2390.1,0.9186957755686742,19,1-30
S000275,2025-09-08,U0006,I0019,2,11124.95,11492.42,24.26,0.9680248304556264,0,current
S000135,2025-08-08,U0021,I0045,3,7932.45,7790.1,1529.24,1.0182737236321415,13,1-30
S000092,2025-08-09,U0007,I0031,2,3937.64,3740.05,-92.07,1.0528308445074264,7,1-30
S000056,2025-02-03,U0018,I0042,2,1633.32,1624.56,115.71,1.0053940222171516,0,current
S000661,2025-08-29,U0026,I0032,2,287.61,277.29,21.47,1.0372166794374835,13,1-30
S000623,2025-07-14,U0023,I0009,1,688.03,694.21,19.89,0.9911021222127157,2,1-30
S000798,2025-04-03,U0027,I0029,1,72.34,79.17,-19.21,0.9137182587427684,12,1-30
S000694,2025-05-19,U0013,I0024,2,1150.68,1215.78,-94.49,0.946454650207774,14,1-30
S000483,2025-05-16,U0024,I0040,2,26887.54,28715.2,-3560.44,0.9363523785630132,0,current
S000375,2025-02-03,U0026,I0033,2,13257.87,12486.67,780.06,1.0617623694155136,16,1-30
S000165,2025-07-22,U0028,I0018,2,392.66,385.52,24.88,1.0185204399252958,5,1-30
S000720,2025-09-20,U0006,I0027,3,1862.49,2043.46,7.2,0.9114397580804068,0,current
S000633,2025-08-26,U0010,I0008,1,2209.68,2204.2,9.52,1.002486162780147,2,1-30
S000201,2025-06-28,U0001,I0042,1,1080.98,1016.1,-43.36,1.0638490416099022,26,1-30
S000304,2025-09-01,U0023,I0017,1,113.91,117.99,-5.04,0.9654033151912697,15,1-30
S000428,2025-01-19,U0006,I0018,2,207.08,197.32,18.54,1.0494628015406446,17,1-30
S000409,2025-05-24,U0020,I0003,3,54530.88,53944.39,488.81,1.0108720207651631,3,1-30
S000407,2025-04-19,U0023,I0048,2,8562.31,8764.34,-387.5,0.976948685970958,8,1-30
S000669,2025-04-07,U0003,I0036,1,384.95,376.88,19.79,1.0214126512417745,3,1-30
S000005,2025-08-13,U0028,I0020,1,1541.17,1503.55,-1.71,1.025020784144192,6,1-30
S000036,2025-02-12,U0001,I0039,1,227.2,229.94,-8.79,0.9880913128012668,12,1-30
S000268,2025-02-21,U0015,I0029,3,434.86,494.56,-45.6,0.8792946074484481,0,current
S000042,2025-08-16,U0028,I0001,2,34537.55,34033.86,-138.56,1.014799699484355,0,current
S000719,2025-04-07,U0010,I0019,2,5095.42,5065.92,-208.26,1.0058234207525711,0,current
S000139,2025-09-24,U0018,I0044,2,139.22,139.55,1.62,0.9976706364830328,0,current
S000148,2025-03-22,U0018,I0017,3,775.21,798.01,-29.24,0.9714275390401632,23,1-30
S000251,2025-01-19,U0021,I0033,3,23606.37,23918.38,778.5,0.9869550088499576,7,1-30
S000393,2025-02-22,U0010,I0038,2,381.14,360.87,19.41,1.056154731522077,0,current
S000640,2025-04-09,U0019,I0031,1,1799.25,1822.76,56.56,0.9871019772213566,5,1-30
S000076,2025-01-22,U0028,I0005,2,37.49,35.82,-1.76,1.0467773562732574,6,1-30
S000178,2025-03-29,U0018,I0035,2,35614.13,34579.6,1959.89,1.0299173523537442,0,current
S000075,2025-05-22,U0024,I0026,2,18748.35,18144.51,2638.57,1.0332792618156714,8,1-30
S000554,2025-03-19,U0021,I0047,2,204.95,202.35,4.6,1.0128317190540763,10,1-30
S000644,2025-09-12,U0012,I0014,1,178.41,189.02,-7.76,0.943841100895602,0,current
S000767,2025-04-25,U0016,I0030,2,340.1,359.1,25.12,0.9471061867734564,0,current
S000590,2025-03-13,U0006,I0037,2,76.46,74.93,3.98,1.0204875609811646,1,1-30
S000557,2025-05-01,U0025,I0038,2,321.84,337.5,-7.85,0.9535837934605488,0,current
S000172,2025-06-05,U0020,I0008,1,577.49,585.23,-7.83,0.9867744305657604,4,1-30
S000293,2025-09-22,U0017,I0042,2,1395.94,1328.48,-48.29,1.0507757608241466,9,1-30
S000438,2025-03-24,U0004,I0008,1,1398.54,1430.47,-100.74,0.977678665054143,0,current
S000012,2025-01-06,U0014,I0022,3,38564.57,38522.48,3130.69,1.001092607276172,2,1-30
S000426,2025-03-10,U0027,I0047,1,136.05,136.64,1.95,0.995652001219699,9,1-30
S000568,2025-07-22,U0021,I0049,3,3174.62,3443.26,-97.89,0.9219809134366848,12,1-30
S000716,2025-09-05,U0003,I0035,3,53889.6,53888.87,770.2,1.000013505204409,25,1-30
S000179,2025-03-30,U0020,I0013,3,7368.26,6917.39,760.41,1.0651782533904044,19,1-30
S000292,2025-02-02,U0023,I0024,2,452.2,475.59,-7.83,0.9508292010670484,22,1-30
S000652,2025-05-31,U0027,I0038,2,304.8,304.61,15.08,1.0006256879710764,12,1-30
S000754,2025-01-19,U0011,I0021,1,118.84,128.47,-9.67,0.9250552360194928,13,1-30
S000281,2025-07-05,U0022,I0018,1,255.09,241.53,0.19,1.056142094149795,0,current
S000173,2025-07-11,U0003,I0022,1,13887.92,15089.66,-1899.03,0.9203602870139236,7,1-30
S000591,2025-04-30,U0024,I0021,3,346.66,349.63,44.91,0.9915062758210128,26,1-30
S000649,2025-03-08,U0022,I0027,1,984.3,1069.59,-136.86,0.92025623679922,0,current
S000284,2025-04-24,U0021,I0007,2,21412.24,21617.12,-1170.28,0.990522224423036,6,1-30
S000295,2025-01-29,U0011,I0020,1,1680.89,1674.19,-75.36,1.004001935264217,0,current
S000014,2025-07-05,U0008,I0013,2,4991.29,5233.76,-339.76,0.9536712029297236,0,current
S000307,2025-09-02,U0024,I0028,2,8685.47,9237.09,-1476.17,0.9402817259637772,0,current
S000456,2025-07-04,U0019,I0025,1,2795.1,3040.95,-320.42,0.9191520299917528,13,1-30
S000132,2025-08-29,U0017,I0021,3,326.79,328.72,17.91,0.9941194572287438,0,current
S000447,2025-05-19,U0004,I0048,3,35669.39,41624.91,-5362.55,0.8569240814949662,3,1-30
S000539,2025-01-19,U0012,I0031,1,593.43,582.08,-28.42,1.01949903793293,0,current
S000055,2025-06-27,U0024,I0038,3,760.77,740.27,197.59,1.0277058250662046,2,1-30
S000261,2025-03-08,U0026,I0039,1,184.92,185.43,9.96,0.997253256689854,22,1-30
S000522,2025-09-25,U0018,I0021,1,153.47,158.28,-10.77,0.9695880135331356,36,31-60
S000339,2025-05-24,U0016,I0013,2,13309.23,13425.27,1167.7,0.9913564458778282,4,1-30
S000098,2025-03-05,U0013,I0038,1,162.17,167.35,-1.36,0.9690167032935694,0,current
S000637,2025-02-17,U0016,I0006,3,593.69,554.05,56.38,1.0715549582794648,10,1-30
S000400,2025-04-13,U0018,I0021,2,260.12,260.34,23.48,0.9991581638133286,0,current
S000044,2025-02-19,U0012,I0038,1,269.07,261.45,30.92,1.029132762099385,16,1-30
S000527,2025-01-24,U0006,I0001,1,25610.7,24756.48,-1072.66,1.0345045707587697,0,current
S000163,2025-08-31,U0028,I0002,1,1819.05,1983.16,-259.17,0.9172452328407408,0,current
S000628,2025-01-02,U0022,I0015,2,592.99,653.52,-88.56,0.9073788542505524,18,1-30
S000352,2025-03-24,U0004,I0021,1,135.28,119.17,19.05,1.1351992553639694,2,1-30
S000247,2025-08-23,U0008,I0028,1,3417.19,3543.86,97.5,0.9642561719051244,1,1-30
S000699,2025-08-12,U0024,I0033,3,53364.11,49897.35,2093.61,1.0694780129290031,5,1-30
S000747,2025-01-10,U0022,I0047,1,320.95,336.13,-26.98,0.954825873138808,0,current
S000218,2025-08-30,U0005,I0010,2,36912.84,36120.02,-1151.44,1.0219495514694448,0,current
S000398,2025-01-05,U0012,I0033,3,42083.53,43711.75,-2958.25,0.962750853063718,11,1-30
S000515,2025-01-08,U0027,I0049,1,9966.2,10898.89,-1648.38,0.9144233954099914,12,1-30
S000688,2025-04-19,U0027,I0048,1,7218.46,7271.58,1318.18,0.9926942984202728,7,1-30
S000231,2025-04-22,U0001,I0017,3,764.79,773.19,-24.41,0.989138692089066,8,1-30
S000233,2025-09-04,U0014,I0022,3,37135.22,38820.4,-4721.84,0.956590328467961,7,1-30
S000103,2025-03-01,U0006,I0031,1,1073.16,1124.39,-92.61,0.9544375172315656,8,1-30
S000006,2025-09-29,U0018,I0033,2,28841.63,29828.85,-1510.78,0.9669037029466674,1,1-30
S000189,2025-07-23,U0020,I0007,3,78977.37,80637.49,-3095.86,0.9794125291157676,0,current
S000656,2025-05-26,U0004,I0004,3,28203.83,28282.24,-140.61,0.9972273312596044,0,current
S000108,2025-06-23,U0028,I0004,2,5573.71,5722.88,-270.52,0.9739338540681356,0,current
S000290,2025-07-30,U0002,I0024,3,2214.63,2206.69,-135.49,1.0036008820958526,27,1-30
S000397,2025-08-19,U0012,I0016,3,28833.28,30193.55,911.33,0.9549482985372524,0,current
S000787,2025-01-05,U0008,I0015,2,291.1,275.54,10.88,1.056474115647396,0,current
S000464,2025-03-03,U0024,I0037,2,56.28,55.51,-6.97,1.0139166469785252,3,1-30
S000753,2025-02-11,U0027,I0030,1,178.45,176.78,-5.24,1.0094355481705608,19,1-30
S000674,2025-01-27,U0019,I0024,2,1300.3,1246.35,100.34,1.043290850158991,15,1-30
S000521,2025-08-17,U0027,I0003,3,54351.72,49917.27,5149.35,1.088835992355881,7,1-30
S000663,2025-04-02,U0015,I0008,3,11515.81,11931.42,-565.36,0.965166761374589,1,1-30
S000270,2025-08-06,U0004,I0015,3,663.48,671.41,-65.13,0.9881776790017744,8,1-30
S000732,2025-07-30,U0007,I0005,2,45.19,46.27,-2.63,0.97672066102057,25,1-30
S000567,2025-09-03,U0001,I0012,2,64192.82,64565.15,6459.79,0.9942332502596332,0,current
S000689,2025-06-23,U0022,I0042,3,2636.5,2624.12,275.29,1.004716007819055,8,1-30
S000726,2025-06-12,U0020,I0036,2,426.65,410.62,33.17,1.0390385271053528,3,1-30
S000686,2025-03-25,U0016,I0045,2,4499.64,4548.28,-488.36,0.9893072199503042,15,1-30
S000418,2025-01-24,U0003,I0013,3,10556.67,10649.84,513.95,0.9912515981642912,0,current
S000670,2025-04-21,U0014,I0018,3,596.65,589.73,1.31,1.0117341834398792,0,current
S000796,2025-07-05,U0008,I0044,2,84.96,85.26,-0.17,0.9964277298476198,6,1-30
S000167,2025-05-28,U0018,I0012,3,100363.63,103242.93,1163.74,0.9721114327005288,11,1-30
S000317,2025-04-13,U0011,I0025,2,4938.42,4638.43,-33.38,1.0646754984229685,21,1-30
S000080,2025-05-08,U0002,I0033,1,10708.86,9902.34,287.05,1.0814468473811996,0,current
S000790,2025-06-17,U0019,I0015,1,145.41,145.99,-1.94,0.996081348593712,7,1-30
S000759,2025-04-17,U0016,I0030,1,181.32,188.23,-1.13,0.9632963265928236,2,1-30
S000051,2025-08-19,U0006,I0012,1,39155.36,38447.24,2531.27,1.0184178306350329,0,current
S000510,2025-04-19,U0023,I0034,1,1049.8,1077.96,-52.87,0.9738793784284488,12,1-30
S000373,2025-02-10,U0011,I0007,1,16411.57,18080.73,-2042.91,0.907683149443976,9,1-30
S000705,2025-03-12,U0010,I0039,1,217.58,210.82,7.09,1.0320392567126322,1,1-30
S000318,2025-06-29,U0025,I0032,3,329.67,343.43,-34.77,0.9599190579615776,10,1-30
S000151,2025-08-27,U0017,I0017,1,199.46,191.0,13.36,1.0443196979783975,17,1-30
S000271,2025-05-04,U0016,I0031,3,1074.11,1078.29,-0.27,0.9961234918250192,3,1-30
S000388,2025-02-25,U0025,I0023,2,1468.5,1384.77,199.1,1.060463228421269,25,1-30
S000086,2025-05-26,U0028,I0016,3,17310.82,17580.76,-922.15,0.9846458390832712,0,current
S000690,2025-05-05,U0027,I0042,1,657.34,645.21,-18.2,1.0188034798160386,3,1-30
S000133,2025-05-26,U0019,I0024,2,1076.52,1097.36,-61.36,0.9810096744105052,1,1-30
S000704,2025-09-15,U0023,I0034,3,2866.31,2677.82,364.67,1.07038794026271,10,1-30
S000010,2025-03-13,U0006,I0002,3,7495.72,7573.51,-469.45,0.9897281221066184,1,1-30
S000687,2025-08-31,U0027,I0015,2,285.82,301.7,-25.46,0.947360846844417,18,1-30
S000286,2025-08-29,U0023,I0023,3,1177.15,1126.85,4.72,1.0446427908161475,3,1-30
S000492,2025-03-06,U0010,I0006,3,984.34,1024.52,-46.33,0.9607870745542412,0,current
S000083,2025-06-22,U0003,I0009,1,1668.02,1577.48,-129.12,1.0573906330366782,0,current
S000065,2025-07-24,U0018,I0038,1,209.02,204.17,3.48,1.02373485442316,0,current
S000470,2025-03-23,U0009,I0046,1,21954.49,22709.09,-1902.02,0.9667706663870702,0,current
S000647,2025-02-27,U0022,I0010,2,36743.63,35625.88,-1818.98,1.0313746948335922,0,current
S000222,2025-03-20,U0010,I0008,1,1868.75,1871.12,0.54,0.9987333789388174,17,1-30
S000463,2025-05-23,U0018,I0050,2,94.15,90.2,-0.68,1.0437138839459532,1,1-30
S000606,2025-09-04,U0014,I0007,3,81452.57,76018.99,6479.0,1.071476598728422,13,1-30
S000120,2025-06-02,U0008,I0049,2,3761.28,3713.6,118.41,1.012839293408014,13,1-30
S000626,2025-03-13,U0020,I0045,3,11267.51,10860.03,159.9,1.037521177720179,0,current
S000445,2025-06-04,U0021,I0022,3,26101.62,24912.84,1899.78,1.0477174164545848,6,1-30
S000204,2025-04-11,U0017,I0001,2,34212.47,31474.72,1912.83,1.0869824020965506,14,1-30
S000641,2025-03-29,U0009,I0005,1,25.91,26.44,-0.03,0.9795913412005522,0,current
S000227,2025-03-28,U0006,I0025,1,5241.65,5088.32,100.71,1.0301326223153249,10,1-30
S000685,2025-01-24,U0003,I0024,3,2960.1,3115.89,-97.72,0.9500007609594802,17,1-30
S000300,2025-05-03,U0026,I0022,3,33555.43,33459.38,-1778.57,1.002870503571908,9,1-30
S000574,2025-05-28,U0026,I0021,1,87.92,94.44,-4.36,0.9309418034254612,30,1-30
S000122,2025-08-24,U0021,I0018,2,150.79,164.54,-27.38,0.9164336939346056,21,1-30
S000337,2025-07-22,U0009,I0001,2,49369.9,43198.1,7076.38,1.142871921156993,10,1-30
S000162,2025-03-12,U0011,I0033,1,9347.81,9526.35,174.92,0.9812579268551196,8,1-30
S000168,2025-03-31,U0001,I0043,2,8447.04,8404.21,-601.11,1.0050962943686328,0,current
S000370,2025-06-18,U0019,I0018,1,340.95,352.4,-19.6,0.9675085130533484,11,1-30
S000645,2025-06-06,U0002,I0004,2,7103.41,6990.27,552.06,1.0161859447789532,0,current
S000301,2025-01-22,U0016,I0031,2,736.44,714.68,10.89,1.0304471931493815,0,current
S000152,2025-09-23,U0022,I0044,2,221.95,260.06,-33.86,0.8534702812073612,0,current
S000183,2025-01-18,U0015,I0038,3,768.11,795.38,25.79,0.9657073661911678,3,1-30
S000427,2025-03-14,U0006,I0012,3,105924.57,104310.81,5250.16,1.0154706419879962,0,current
S000060,2025-03-09,U0014,I0013,1,3731.97,3584.89,73.6,1.0410264237708708,10,1-30
S000578,2025-08-03,U0026,I0038,2,422.93,417.39,7.43,1.0132764324558237,2,1-30
S000196,2025-03-08,U0001,I0021,2,297.46,284.84,-1.92,1.044337952720237,8,1-30
S000041,2025-06-21,U0024,I0019,3,12611.13,12772.04,31.49,0.9874011310896558,19,1-30
S000695,2025-05-19,U0023,I0012,3,29367.58,27699.37,1784.52,1.060225377580308,0,current
S000250,2025-05-04,U0005,I0007,2,40426.68,36736.91,-188.87,1.1004377693092569,12,1-30
S000363,2025-03-23,U0006,I0017,3,811.59,787.54,4.67,1.0305422458205429,12,1-30
S000479,2025-09-06,U0008,I0028,2,6703.53,7005.76,-31.22,0.9568599990213364,0,current
S000458,2025-02-25,U0001,I0022,3,37787.68,38099.65,-1927.63,0.99181179479389,31,31-60
S000530,2025-06-05,U0010,I0012,3,78992.03,80220.21,3134.14,0.9846898960514228,9,1-30
S000653,2025-03-30,U0019,I0035,1,10008.86,10566.93,-180.11,0.9471867295854666,8,1-30
S000457,2025-03-08,U0017,I0006,3,614.56,565.05,74.89,1.087632377727547,12,1-30
S000396,2025-03-19,U0024,I0011,2,29402.18,30732.82,-6174.64,0.9567030058083856,7,1-30
S000125,2025-06-01,U0025,I0018,2,547.14,528.65,-39.7,1.034975881963492,2,1-30
S000605,2025-06-03,U0015,I0002,3,9807.13,9943.35,-860.63,0.9863004117551498,19,1-30
S000773,2025-05-10,U0006,I0006,3,1108.98,1062.19,45.63,1.04404617315996,4,1-30
S000625,2025-01-20,U0007,I0031,2,18158.05,17475.89,559.11,1.039034349609662,16,1-30
S000262,2025-02-05,U0018,I0001,1,29915.61,29174.47,1033.22,1.0254039552599532,2,1-30
S000748,2025-01-04,U0023,I0031,2,1871.58,1726.99,205.79,1.0837237042484322,0,current
S000170,2025-03-05,U0028,I0036,2,3247.4,3334.36,-257.33,0.97392003262995,9,1-30
S000255,2025-07-30,U0018,I0041,3,42064.65,44139.7,-3410.21,0.952988939553714,0,current
S000611,2025-08-08,U0024,I0021,3,475.46,491.01,11.15,0.9683372898863204,11,1-30
S000035,2025-04-08,U0011,I0008,3,5921.1,5646.46,-502.26,1.0486393244616985,9,1-30
S000228,2025-08-26,U0028,I0003,1,17536.44,17717.21,-611.87,0.989796524247578,0,current
S000542,2025-08-29,U0002,I0040,2,5932.9,6561.79,-964.69,0.9041592064117464,14,1-30
S000734,2025-06-11,U0014,I0015,1,237.29,246.56,-11.23,0.962398563876922,0,current
S000615,2025-09-10,U0023,I0031,3,9095.38,8630.43,1195.4,1.0538733296023488,3,1-30
S000164,2025-02-17,U0025,I0009,1,1192.84,1156.99,56.12,1.030985098274124,8,1-30
S000650,2025-03-15,U0018,I0040,3,15199.05,15569.41,-1373.82,0.9762125440343692,0,current
S000599,2025-06-20,U0026,I0015,2,326.39,316.19,-2.29,1.032255634383056,0,current
S000032,2025-03-20,U0011,I0017,3,357.43,360.36,-21.92,0.9918667039727548,0,current
S000184,2025-05-29,U0025,I0031,1,675.89,702.48,7.86,0.9621483885662224,22,1-30
S000744,2025-08-18,U0015,I0032,3,921.15,882.04,7.87,1.0443413164399602,15,1-30
S000592,2025-07-28,U0009,I0023,1,918.8,881.31,70.83,1.0425430451929596,17,1-30
S000546,2025-08-25,U0024,I0047,1,210.41,215.16,-1.56,0.9779308843817026,10,1-30
S000416,2025-08-07,U0003,I0039,1,340.53,344.21,-37.4,0.989310156907502,28,1-30
S000593,2025-05-18,U0023,I0011,2,10235.54,10556.65,-1292.44,0.9695816252047992,8,1-30
S000430,2025-09-07,U0024,I0045,1,4080.13,4293.25,-293.3,0.9503576596083028,13,1-30
S000104,2025-03-24,U0013,I0008,2,6646.49,6116.94,-19.25,1.0865710633094323,4,1-30
S000727,2025-01-06,U0014,I0050,1,29.94,30.85,-2.61,0.9705059334223096,27,1-30
S000751,2025-05-10,U0022,I0010,2,44259.86,42243.52,3806.91,1.0477313896826153,3,1-30
S000549,2025-08-28,U0005,I0029,3,403.14,406.43,-30.3,0.9919139498479378,16,1-30
S000459,2025-06-16,U0013,I0043,3,8494.35,8946.54,186.8,0.949456554107184,0,current
S000197,2025-01-09,U0008,I0033,1,6401.41,7038.62,-1357.3,0.9094690660009804,0,current
S000273,2025-05-22,U0005,I0004,2,20291.66,20155.49,1049.34,1.006756172593404,2,1-30
S000121,2025-05-30,U0026,I0038,2,411.33,398.67,27.88,1.031768557143064,11,1-30
S000267,2025-06-14,U0020,I0024,3,2510.82,2753.89,-120.81,0.9117389842348576,10,1-30
S000128,2025-06-19,U0025,I0007,2,35666.15,35002.36,2959.49,1.0189640017182582,15,1-30
S000344,2025-07-20,U0015,I0003,3,125727.84,125136.0,5524.71,1.004729626647885,13,1-30
S000544,2025-08-24,U0001,I0031,2,2189.56,2245.08,0.23,0.9752703689846242,0,current
S000602,2025-07-15,U0023,I0031,3,2294.87,2246.71,-52.56,1.021435788330492,17,1-30
S000081,2025-08-07,U0024,I0049,1,1058.27,1041.46,14.02,1.0161408023351832,6,1-30
S000350,2025-06-16,U0015,I0018,2,1435.02,1391.43,107.51,1.03132748323667,1,1-30
S000642,2025-06-22,U0024,I0043,3,14294.84,15636.24,-2903.19,0.914212085781084,9,1-30
S000333,2025-02-05,U0006,I0022,3,40433.86,41424.06,1919.15,0.9760958471123088,0,current
S000280,2025-08-17,U0028,I0026,2,12740.89,12813.39,-717.63,0.9943415795135552,6,1-30
S000566,2025-04-11,U0017,I0010,3,27314.64,27225.43,246.45,1.0032766290415025,14,1-30
S000160,2025-07-15,U0015,I0003,3,110132.47,108223.84,6131.24,1.0176360081513172,6,1-30
S000660,2025-05-03,U0008,I0028,1,3110.66,3074.59,300.59,1.0117297790446718,0,current
S000193,2025-08-18,U0026,I0012,2,56773.51,57511.54,1391.32,0.9871672941800124,24,1-30
S000023,2025-05-09,U0007,I0031,3,9665.74,9531.72,-72.01,1.0140604214139737,20,1-30
S000182,2025-08-21,U0019,I0021,1,104.03,95.57,7.95,1.0885670621133845,7,1-30
S000276,2025-07-24,U0011,I0025,2,7057.45,7251.35,-748.81,0.973259433089072,0,current
S000749,2025-07-23,U0006,I0040,3,9857.6,9479.86,-2.34,1.0398471845014108,21,1-30
S000587,2025-05-19,U0010,I0023,1,878.75,916.04,-29.51,0.9592915009006944,13,1-30
S000123,2025-03-24,U0022,I0033,1,17638.45,16522.66,1126.43,1.0675312560476329,7,1-30
S000784,2025-05-10,U0028,I0010,3,30951.32,31500.35,-1797.52,0.9825706517022508,10,1-30
S000332,2025-07-19,U0011,I0015,3,497.03,498.77,-34.88,0.9965100607118932,0,current
S000213,2025-02-04,U0023,I0020,1,1418.5,1326.63,169.54,1.0692506576814935,10,1-30
S000067,2025-03-11,U0023,I0037,2,31.7,29.74,1.42,1.0660330827764084,0,current
S000191,2025-02-13,U0027,I0019,1,2792.24,2989.62,-66.13,0.933975550792148,0,current
S000085,2025-06-17,U0024,I0001,2,54975.47,53212.37,3879.87,1.0331332985192745,10,1-30
S000243,2025-04-17,U0022,I0004,1,5261.24,5430.27,-450.95,0.9688729923667224,1,1-30
S000156,2025-04-19,U0014,I0006,1,389.86,391.94,2.27,0.9946909034688712,11,1-30
S000706,2025-05-27,U0019,I0035,3,34992.84,35040.07,329.55,0.9986522081782396,10,1-30
S000672,2025-04-04,U0002,I0050,2,49.53,52.04,-2.87,0.9518684762457024,8,1-30
S000329,2025-09-20,U0017,I0004,1,2291.73,2169.92,111.01,1.056133912728187,0,current
S000102,2025-07-31,U0005,I0028,1,5226.61,5721.73,-409.2,0.913466419724639,1,1-30
S000547,2025-05-24,U0001,I0026,3,29526.9,25577.13,5473.23,1.154425609743014,9,1-30
S000319,2025-01-26,U0015,I0006,3,1363.59,1498.68,-186.38,0.9098571901791058,0,current
S000449,2025-01-28,U0004,I0030,1,330.13,349.08,-15.77,0.9456982723482926,17,1-30
S000789,2025-01-21,U0010,I0043,1,2466.34,2360.16,206.48,1.044991291606414,4,1-30
S000471,2025-05-22,U0015,I0023,3,4334.73,4368.62,276.25,0.9922434855233798,23,1-30
S000683,2025-01-26,U0026,I0022,3,28792.89,28010.32,1586.63,1.027938551736888,0,current
S000246,2025-09-06,U0007,I0013,1,2502.54,2494.07,77.05,1.003395658458467,13,1-30
S000314,2025-08-04,U0014,I0025,3,15934.55,18799.2,-3355.48,0.8476183717323623,15,1-30
S000371,2025-03-07,U0027,I0020,2,9574.03,9514.17,36.48,1.0062916681118794,15,1-30
S000548,2025-05-22,U0010,I0039,3,616.56,632.57,3.96,0.9746915366653832,8,1-30
S000758,2025-04-22,U0028,I0025,1,2657.35,2597.3,165.21,1.023119282942516,0,current
S000143,2025-07-22,U0001,I0039,2,591.14,590.0,-17.29,1.001929056149046,20,1-30
S000328,2025-07-30,U0007,I0006,2,507.3,456.74,39.1,1.1107076307895956,0,current
S000346,2025-02-06,U0005,I0005,3,93.13,87.03,-3.66,1.0700440930156483,2,1-30
S000046,2025-01-20,U0027,I0050,3,59.34,57.1,1.61,1.039117517120883,21,1-30
S000422,2025-01-24,U0014,I0011,2,28948.61,27010.59,4094.87,1.071750308899447,8,1-30
S000374,2025-09-18,U0022,I0007,2,84775.07,84240.7,-12452.24,1.006343348814792,0,current
S000559,2025-01-11,U0005,I0049,2,1041.53,1000.16,28.21,1.0413633818589023,2,1-30
S000403,2025-06-25,U0028,I0019,3,10961.75,11171.84,-461.16,0.9811947904720209,12,1-30
S000027,2025-09-22,U0005,I0037,2,75.88,80.8,-11.59,0.9390593469788188,6,1-30
S000269,2025-03-26,U0011,I0029,2,176.03,177.62,-7.7,0.9910672415493056,0,current
S000064,2025-05-03,U0014,I0012,3,75783.28,77164.59,1663.6,0.9820991655962786,22,1-30
S000595,2025-09-22,U0022,I0010,2,62669.55,66050.16,-2743.86,0.9488176119150054,0,current
S000379,2025-05-29,U0002,I0019,1,3070.44,3014.76,-20.04,1.0184679029849952,24,1-30
S000777,2025-05-31,U0009,I0032,3,461.88,433.6,46.64,1.065216506633024,28,1-30
S000034,2025-03-15,U0001,I0003,3,104196.26,90980.97,1008.01,1.1452533584620204,1,1-30
S000739,2025-05-24,U0027,I0049,3,10654.25,11377.25,-829.46,0.9364521303478432,0,current
S000347,2025-07-25,U0015,I0017,2,747.79,715.21,40.01,1.0455619022284472,9,1-30
S000119,2025-05-26,U0012,I0036,1,179.34,185.54,-13.59,0.9665840250080846,2,1-30
S000016,2025-03-17,U0018,I0020,2,1615.15,1619.31,-88.42,0.9974310045636724,7,1-30
S000368,2025-07-08,U0006,I0027,3,1692.95,1772.96,-108.4,0.9548746746778354,22,1-30
S000043,2025-02-15,U0009,I0017,1,150.35,144.13,3.76,1.0431914006849097,4,1-30
S000382,2025-04-06,U0004,I0001,2,59083.09,55896.3,3224.87,1.057012664047214,0,current
S000175,2025-06-10,U0026,I0009,1,1419.02,1448.59,-128.77,0.9795833418586666,0,current
S000311,2025-02-18,U0003,I0048,1,8606.79,8416.16,-22.37,1.0226509378156086,0,current
S000722,2025-02-11,U0022,I0018,3,1255.72,1237.04,55.44,1.0151005626333829,0,current
S000588,2025-07-31,U0021,I0001,3,43305.12,44757.64,2371.39,0.967547012347936,15,1-30
S000094,2025-09-20,U0009,I0050,3,108.1,118.63,-7.74,0.9112518970178936,4,1-30
S000364,2025-05-28,U0006,I0026,2,21751.1,22736.04,-968.32,0.956679193067028,5,1-30
S000488,2025-07-30,U0005,I0032,1,216.35,219.58,-57.67,0.9852715622669196,0,current
S000389,2025-09-06,U0027,I0022,2,18977.06,16844.62,3677.28,1.1265952338871088,16,1-30
S000154,2025-01-16,U0016,I0048,2,11717.65,11483.37,2128.88,1.0204018088440634,6,1-30
S000117,2025-01-06,U0019,I0030,1,220.79,212.23,-9.32,1.0403504140972235,0,current
S000533,2025-07-18,U0020,I0010,2,30691.99,28647.98,2175.02,1.0713492383613237,0,current
S000791,2025-08-23,U0002,I0034,1,1899.84,2081.85,-99.71,0.912574098525824,7,1-30
S000330,2025-01-29,U0026,I0002,1,1720.49,1580.08,197.08,1.088859142012886,4,1-30
S000677,2025-09-28,U0010,I0025,2,8406.2,8950.29,-890.68,0.9392100850745564,0,current
S000019,2025-09-14,U0001,I0005,1,34.22,36.37,-5.46,0.9407528116791488,2,1-30
S000024,2025-04-14,U0011,I0047,3,318.66,294.36,51.76,1.0825463966115625,3,1-30
S000277,2025-03-02,U0008,I0048,3,18930.78,18550.31,-60.39,1.0205106007839777,28,1-30
S000031,2025-02-19,U0007,I0041,3,22182.87,22857.99,-325.07,0.9704646493018256,17,1-30
S000584,2025-01-02,U0018,I0015,1,180.61,180.25,-2.46,1.0020168202777346,0,current
S000001,2025-08-16,U0018,I0008,1,1060.8,1103.59,-92.33,0.961226542465952,1,1-30
S000073,2025-04-04,U0003,I0008,2,2507.14,2365.67,298.42,1.0598012402406085,19,1-30
S000671,2025-05-21,U0011,I0021,3,294.93,305.52,-13.15,0.9653406526928778,10,1-30
S000750,2025-04-28,U0008,I0004,3,6829.47,6628.78,111.1,1.0302762602612154,3,1-30
S000345,2025-01-19,U0003,I0047,1,225.85,222.99,-18.44,1.012832936535613,0,current
S000444,2025-07-30,U0023,I0007,1,12238.93,13530.98,-2075.03,0.904511854712686,0,current
S000116,2025-05-12,U0019,I0016,2,14038.62,13997.84,425.96,1.0029137165467723,3,1-30
S000310,2025-05-23,U0013,I0014,3,366.53,381.47,-35.77,0.9608410069142416,0,current
S000390,2025-09-24,U0006,I0002,1,3574.21,3782.37,-255.03,0.944966936788282,3,1-30
S000561,2025-04-06,U0016,I0037,1,21.64,22.2,-3.91,0.9749690927005672,4,1-30
S000598,2025-06-12,U0006,I0049,3,5130.21,5279.05,-391.77,0.9718055331925252,0,current
S000543,2025-02-24,U0020,I0021,2,205.91,189.4,24.43,1.0871810933645782,4,1-30
S000512,2025-03-05,U0025,I0016,1,8379.27,8882.82,53.03,0.9433114487290136,0,current
S000025,2025-07-23,U0019,I0040,2,4719.98,4941.03,-69.22,0.9552636490522084,1,1-30
S000534,2025-08-24,U0002,I0013,1,2794.92,2928.85,-142.7,0.9542711860836324,11,1-30
S000327,2025-01-27,U0014,I0041,3,45401.05,43310.93,2289.59,1.048258524636433,8,1-30
S000200,2025-08-07,U0007,I0027,2,713.21,701.73,-16.79,1.0163504934394658,10,1-30
S000206,2025-09-22,U0006,I0043,2,9159.27,8505.63,1383.76,1.0768482826958825,1,1-30
S000321,2025-07-19,U0022,I0037,3,204.99,218.11,-16.05,0.9398651707049483,4,1-30
S000349,2025-07-22,U0012,I0049,2,3438.96,3556.93,-482.35,0.9668337583252974,27,1-30
S000376,2025-03-25,U0015,I0031,2,11274.76,11936.8,-818.39,0.9445378996045842,14,1-30
S000526,2025-02-03,U0027,I0015,2,269.62,261.42,13.83,1.0313554800074582,0,current
S000454,2025-08-06,U0010,I0025,1,3380.07,3257.94,188.3,1.0374882776829062,1,1-30
S000742,2025-08-28,U0028,I0002,1,2079.38,2084.94,107.38,0.9973312577785745,0,current
S000312,2025-06-04,U0021,I0041,1,9233.17,9293.59,253.98,0.9934986969250756,0,current
S000723,2025-03-19,U0001,I0002,1,2515.94,2835.69,-217.32,0.8872412220762977,10,1-30
S000774,2025-05-12,U0016,I0030,2,292.74,290.28,-4.45,1.0085012157127284,0,current
S000265,2025-08-03,U0008,I0038,3,605.11,599.34,40.02,1.0096210558884091,0,current
S000714,2025-03-09,U0017,I0030,2,362.21,340.4,23.16,1.064066692823226,9,1-30
S000667,2025-07-04,U0018,I0013,3,15053.79,14926.2,42.5,1.0085477676093753,20,1-30
S000600,2025-05-12,U0001,I0008,2,1455.35,1506.36,-125.38,0.966136912822964,16,1-30
S000309,2025-05-12,U0015,I0041,1,13406.66,13230.21,-536.49,1.013336808398832,6,1-30
S000296,2025-03-21,U0006,I0003,1,29177.79,29178.61,62.88,0.9999718451438522,14,1-30
S000698,2025-05-22,U0017,I0042,2,915.56,1019.6,-89.47,0.897957057467624,1,1-30
S000621,2025-05-30,U0002,I0039,2,409.05,444.31,-50.76,0.920625358813435,0,current
S000283,2025-01-24,U0022,I0042,2,2275.38,2278.89,-27.9,0.9984583742957908,0,current
S000700,2025-04-17,U0012,I0022,2,24802.65,24760.34,415.11,1.0017088857862286,10,1-30
S000149,2025-05-04,U0003,I0011,2,26121.0,26022.49,107.16,1.0037856643978418,9,1-30
S000493,2025-08-04,U0006,I0037,3,160.5,162.09,0.7,0.9902188834596156,0,current
S000740,2025-05-10,U0015,I0031,1,1757.85,1891.33,-195.69,0.9294253250358212,2,1-30
S000106,2025-03-25,U0016,I0006,3,750.85,740.76,-43.51,1.013618487763712,0,current
S000746,2025-04-27,U0027,I0002,2,3607.65,3727.11,216.62,0.9679492042006218,0,current
S000115,2025-06-13,U0002,I0024,2,1240.38,1155.93,101.98,1.0730589433360165,17,1-30
S000235,2025-09-23,U0013,I0010,2,29196.45,29408.23,211.63,0.992798616997266,28,1-30
S000462,2025-09-19,U0016,I0038,3,373.55,363.37,0.56,1.0280164589116128,10,1-30
S000436,2025-08-21,U0020,I0020,2,3735.19,4327.85,-720.69,0.8630590246889333,19,1-30
S000552,2025-08-27,U0018,I0006,1,421.14,419.96,-4.74,1.0028102826544576,2,1-30
S000050,2025-07-05,U0002,I0014,3,412.42,381.58,-11.71,1.0808104840825603,4,1-30
S000244,2025-04-26,U0007,I0006,3,621.96,600.58,-15.36,1.0355988511495526,0,current
S000303,2025-01-29,U0004,I0033,2,21966.8,21263.64,-71.93,1.0330689094945853,7,1-30
S000279,2025-09-11,U0015,I0032,2,451.42,445.63,28.92,1.0129903928402757,8,1-30
S000180,2025-07-15,U0024,I0048,2,23785.9,23665.17,308.61,1.0051015648620287,16,1-30
S000202,2025-07-02,U0020,I0004,2,6518.16,6655.31,-726.29,0.9793925310771516,3,1-30
S000158,2025-06-17,U0025,I0034,2,3817.47,3682.05,206.88,1.036779154621419,11,1-30
S000232,2025-06-18,U0023,I0037,2,25.96,24.93,2.22,1.041221353119249,16,1-30
S000731,2025-09-30,U0018,I0024,2,1699.93,1678.92,26.62,1.012514883633242,5,1-30
S000634,2025-01-29,U0004,I0033,3,31127.76,31225.82,215.83,0.9968596638428022,20,1-30
S000776,2025-09-17,U0005,I0035,1,15393.43,16752.72,-1911.31,0.9188616334866736,10,1-30
S000757,2025-04-22,U0022,I0028,1,6921.99,7164.71,-480.99,0.9661229993546552,8,1-30
S000709,2025-09-12,U0022,I0016,3,40371.82,38692.98,324.07,1.043388776026309,0,current
S000299,2025-03-30,U0002,I0020,2,2914.89,3261.42,-378.34,0.8937487352134958,20,1-30
S000651,2025-08-06,U0013,I0011,1,9298.36,9196.56,285.52,1.0110687626988115,8,1-30
S000772,2025-09-09,U0018,I0004,2,6878.97,8161.88,-1641.96,0.8428166848987628,0,current
S000298,2025-07-24,U0010,I0050,3,111.89,113.37,-13.27,0.9869585770797707,17,1-30
S000353,2025-03-13,U0003,I0041,2,35116.06,35767.7,-405.66,0.981781135355338,4,1-30
S000033,2025-02-02,U0028,I0003,2,33039.23,36222.72,-5606.99,0.9121135804321684,26,1-30
S000431,2025-07-21,U0028,I0037,2,60.06,61.93,-3.04,0.9698510843716498,0,current
S000387,2025-04-17,U0005,I0046,2,56231.34,56336.27,1005.96,0.9981375373723936,0,current
S000205,2025-09-22,U0014,I0021,1,146.11,146.47,-1.21,0.9975220581224208,1,1-30
S000126,2025-02-15,U0020,I0040,1,2538.6,2707.88,-104.4,0.9374842230538428,8,1-30
S000176,2025-06-07,U0003,I0028,2,7922.12,7918.75,349.73,1.0004252813361576,6,1-30
S000586,2025-09-08,U0020,I0020,3,4192.36,4206.2,470.76,0.99670961913366,0,current
S000537,2025-01-27,U0017,I0011,1,9244.62,9025.69,374.68,1.024256127943479,0,current
S000236,2025-01-05,U0016,I0003,3,38884.08,39527.48,1339.29,0.9837227494240236,3,1-30
S000111,2025-09-26,U0003,I0016,2,24391.24,24693.82,-1685.43,0.9877469674404648,4,1-30
S000096,2025-01-16,U0013,I0012,1,16193.76,16005.47,-964.5,1.0117638055794131,9,1-30
S000775,2025-07-21,U0027,I0023,3,1915.93,1902.09,5.0,1.0072746523517655,1,1-30
S000021,2025-06-19,U0012,I0026,1,7742.17,7573.25,-7.22,1.022303610074104,0,current
S000684,2025-07-23,U0002,I0026,3,19803.67,18747.31,2021.45,1.056347157160615,0,current
S000658,2025-02-19,U0003,I0038,2,394.33,370.1,53.3,1.06547628182572,10,1-30
S000029,2025-05-19,U0016,I0033,3,19774.99,20487.91,-1155.6,0.9652028694164648,7,1-30
S000278,2025-08-06,U0008,I0003,1,17227.8,17663.56,-313.94,0.975329932980866,0,current
S000655,2025-02-19,U0011,I0029,2,142.92,149.17,-1.23,0.9581088370611174,17,1-30
S000285,2025-04-26,U0005,I0018,1,223.59,202.66,29.89,1.1032764235665646,0,current
S000417,2025-07-17,U0017,I0021,1,102.39,97.13,2.48,1.0541175964895868,21,1-30
S000257,2025-06-08,U0002,I0024,3,1750.6,1748.03,92.62,1.0014711787792487,0,current
S000185,2025-03-26,U0017,I0017,1,161.43,161.32,5.69,1.0007263940968785,9,1-30
S000399,2025-08-17,U0009,I0009,3,4412.49,4095.14,221.22,1.0774945283064563,6,1-30
S000469,2025-02-03,U0021,I0038,3,384.37,362.67,23.29,1.0598169742685124,3,1-30
S000607,2025-06-26,U0023,I0028,1,1742.79,1763.32,146.38,0.9883574641942208,0,current
S000212,2025-05-18,U0023,I0001,2,11883.68,12506.78,109.47,0.9501790686998806,0,current
S000582,2025-05-02,U0019,I0037,1,29.43,31.63,-3.13,0.9303082423982688,20,1-30
S000090,2025-05-24,U0003,I0009,3,22873.0,21529.6,1025.72,1.0623974992529717,8,1-30
S000405,2025-08-02,U0010,I0038,2,346.48,381.64,-68.36,0.9078807768984664,0,current
S000377,2025-06-28,U0012,I0025,1,4798.64,4526.45,169.84,1.0601350403268073,16,1-30
S000229,2025-02-10,U0005,I0002,3,9568.52,9572.73,486.85,0.9995602655257214,0,current
S000192,2025-08-19,U0015,I0022,1,14222.59,14451.06,31.35,0.9841901147709406,11,1-30
S000448,2025-03-01,U0026,I0035,1,12401.73,13151.5,-837.45,0.942989657167442,5,1-30
S000735,2025-07-20,U0025,I0002,2,4668.89,4371.99,566.84,1.067909207355249,12,1-30
S000624,2025-05-21,U0018,I0038,2,440.54,470.46,-21.17,0.9364072407749556,0,current
S000532,2025-01-09,U0005,I0024,2,1504.59,1431.78,142.97,1.0508488524118929,0,current
S000691,2025-02-11,U0005,I0035,2,39156.07,37198.64,3743.0,1.0526211506399583,0,current
S000551,2025-05-01,U0001,I0038,3,681.98,705.76,-41.6,0.966307415590972,5,1-30
S000692,2025-05-18,U0006,I0039,1,228.47,231.07,1.22,0.9887216489465698,0,current
S000741,2025-05-22,U0011,I0001,1,18728.01,16669.95,1475.78,1.123459801834641,2,1-30
S000028,2025-01-07,U0010,I0021,3,313.57,321.35,-12.92,0.9757915283333212,20,1-30
S000453,2025-06-16,U0002,I0010,2,21231.15,23300.68,-987.26,0.9111816180576888,16,1-30
S000217,2025-02-24,U0014,I0008,3,3331.99,3273.96,-63.71,1.0177247125804836,32,31-60
S000249,2025-04-08,U0009,I0028,1,3260.64,3650.25,-288.97,0.8932653166261572,10,1-30
S000190,2025-04-12,U0010,I0042,1,573.55,575.99,-48.33,0.9957574734168996,2,1-30
S000659,2025-03-26,U0010,I0015,2,288.7,303.81,-30.19,0.9502613440485678,0,current
S000392,2025-03-13,U0021,I0036,3,494.51,498.95,5.83,0.9911013127567893,11,1-30
S000518,2025-08-10,U0015,I0020,2,8160.03,8792.56,-508.22,0.9280607695597188,0,current
S000071,2025-06-14,U0010,I0023,1,743.8,678.12,106.82,1.0968615581214758,0,current
S000288,2025-02-12,U0001,I0032,1,145.51,151.39,-15.05,0.9611197036125868,0,current
S000668,2025-06-18,U0001,I0044,3,208.27,206.25,9.55,1.00976904579694,0,current
S000618,2025-05-04,U0002,I0011,2,22993.13,21966.09,2074.63,1.0467554380511392,3,1-30
S000555,2025-07-04,U0016,I0041,3,29704.05,28526.38,-1215.64,1.041283547665183,1,1-30
S000022,2025-09-22,U0012,I0037,3,161.16,159.88,0.32,1.007999580678672,12,1-30
S000780,2025-07-05,U0024,I0002,3,8691.69,8970.4,-842.91,0.9689302753226442,0,current
S000785,2025-08-18,U0017,I0033,3,32695.02,34204.94,-2463.83,0.95585672427262,21,1-30
S000451,2025-05-28,U0028,I0013,1,1839.39,1967.46,30.79,0.9349032714918248,0,current
S000509,2025-02-10,U0014,I0026,1,8573.9,9383.39,-1349.13,0.9137322868996148,15,1-30
S000369,2025-02-15,U0006,I0050,2,93.81,91.56,-0.95,1.0246148455969015,0,current
S000336,2025-06-28,U0026,I0002,3,7369.14,7190.13,216.68,1.024896146713469,0,current
S000565,2025-08-04,U0026,I0005,2,43.71,43.8,-4.89,0.9979828806732997,0,current
S000220,2025-03-26,U0015,I0044,3,273.05,249.21,30.2,1.0956477403865876,6,1-30
S000234,2025-01-09,U0017,I0043,2,2799.22,2985.41,-29.31,0.9376341265152917,0,current
S000224,2025-09-09,U0011,I0006,2,636.58,627.44,56.04,1.014561570842369,17,1-30
S000477,2025-01-06,U0019,I0012,3,60120.1,58620.83,1925.09,1.0255756850959596,1,1-30
S000415,2025-06-29,U0021,I0037,3,79.18,77.04,-5.31,1.0277620037139712,7,1-30
S000289,2025-07-25,U0007,I0027,2,575.57,552.32,-3.16,1.0421063479568815,38,31-60
S000664,2025-01-07,U0026,I0037,1,25.92,24.67,0.93,1.0505830206853324,3,1-30
S000519,2025-02-27,U0014,I0021,1,169.41,160.84,13.12,1.0532842587360025,29,1-30
S000161,2025-07-17,U0028,I0015,2,286.34,297.17,-16.77,0.963535653181317,11,1-30
S000562,2025-05-12,U0016,I0016,3,13805.35,14568.05,43.23,0.9476454139616772,11,1-30
S000367,2025-07-24,U0015,I0031,2,3066.13,3142.83,110.33,0.9755952437771054,0,current
S000348,2025-08-21,U0016,I0030,3,554.45,548.55,48.73,1.0107549067909518,10,1-30
S000771,2025-05-31,U0022,I0050,1,48.08,52.72,-8.4,0.9120045564021776,1,1-30
S000666,2025-05-21,U0018,I0022,1,13996.29,14608.39,204.08,0.9580990409787158,8,1-30
S000480,2025-02-13,U0020,I0003,1,19258.2,19660.15,-362.3,0.9795550454895604,16,1-30
S000259,2025-04-03,U0001,I0018,2,471.17,445.97,18.77,1.0565060430073772,0,current
S000569,2025-02-03,U0011,I0041,3,30339.69,30178.0,-1778.92,1.0053577536419662,10,1-30
S000053,2025-05-26,U0009,I0031,1,1427.4,1370.66,44.6,1.0413961157398626,3,1-30
S000506,2025-02-03,U0023,I0021,3,146.25,148.6,6.27,0.9842105256922498,11,1-30
S000614,2025-03-18,U0010,I0035,1,12230.75,12916.66,-1436.12,0.9468976870576724,4,1-30
S000095,2025-06-27,U0027,I0007,2,27266.41,26548.11,1862.43,1.0270565805402263,9,1-30
S000484,2025-02-08,U0026,I0005,2,53.88,57.78,-4.74,0.9324789290972308,2,1-30
S000713,2025-05-21,U0016,I0001,3,36614.26,37903.1,-1766.27,0.9659965422985796,9,1-30
S000766,2025-05-01,U0005,I0038,1,289.01,278.66,11.62,1.0371302479617646,4,1-30
S000105,2025-05-18,U0012,I0036,1,187.61,182.71,-5.65,1.0268184554758908,9,1-30
S000765,2025-04-30,U0028,I0044,2,90.03,86.75,7.19,1.0378559184337222,6,1-30
S000613,2025-05-17,U0025,I0025,1,2800.05,3100.61,-485.69,0.9030623686498236,17,1-30
S000354,2025-01-20,U0004,I0015,1,170.02,168.13,7.51,1.0112148653590798,8,1-30
S000737,2025-06-16,U0025,I0026,2,11792.7,12856.85,-752.33,0.9172313748006408,8,1-30
S000781,2025-05-10,U0016,I0025,3,22968.8,23670.55,1841.27,0.97035370648398,7,1-30
S000525,2025-02-06,U0028,I0033,2,16660.31,15884.61,808.45,1.0488332684989066,12,1-30
S000535,2025-09-09,U0025,I0017,1,237.11,250.58,-3.16,0.9462355809889312,0,current
S000242,2025-07-18,U0015,I0014,3,552.68,529.44,-14.7,1.04390292894541,13,1-30
S000334,2025-07-12,U0012,I0047,1,215.97,208.3,2.68,1.0368418265460029,14,1-30
S000072,2025-04-06,U0023,I0003,3,29777.59,29504.2,1195.27,1.009266282470769,1,1-30
S000475,2025-07-21,U0017,I0020,1,589.97,585.63,7.28,1.0074108225329987,0,current
S000357,2025-04-05,U0002,I0015,2,275.24,279.42,-20.93,0.9850173467972316,8,1-30
S000007,2025-07-30,U0024,I0031,2,4202.0,4128.33,-176.47,1.017844988167128,9,1-30
S000524,2025-03-08,U0020,I0019,1,3452.34,3610.49,-265.11,0.956197026794471,0,current
S000404,2025-05-16,U0016,I0029,1,55.89,54.42,-3.15,1.027056541910902,0,current
S000654,2025-03-11,U0006,I0032,2,364.41,343.79,30.04,1.0599864890172086,10,1-30
S000501,2025-09-14,U0006,I0008,1,877.23,909.63,24.83,0.9643811219946572,10,1-30
S000528,2025-03-23,U0009,I0005,2,41.16,44.31,-4.84,0.9288974116929934,10,1-30
S000529,2025-04-05,U0025,I0018,1,378.38,370.61,16.85,1.02096543536332,15,1-30
S000761,2025-04-04,U0007,I0046,3,49696.46,48632.21,3659.63,1.0218836650096552,8,1-30
S000062,2025-03-20,U0006,I0049,1,1120.86,1110.47,56.61,1.0093563986420164,15,1-30
S000604,2025-07-04,U0023,I0034,2,2680.28,2648.85,-148.96,1.0118669051896922,0,current
S000446,2025-04-30,U0022,I0021,3,667.46,706.76,-11.42,0.94439778728204,21,1-30
S000063,2025-08-12,U0021,I0031,1,486.35,520.58,-80.1,0.9342464174574512,0,current
S000432,2025-03-26,U0019,I0027,2,820.56,853.47,35.09,0.961438491688268,3,1-30
S000038,2025-07-20,U0009,I0014,3,406.75,408.73,40.58,0.9951356700793256,25,1-30
S000678,2025-03-11,U0022,I0025,3,15716.95,14892.16,1501.1,1.055383866974188,5,1-30
S000630,2025-08-11,U0002,I0002,3,6960.77,6718.17,-271.51,1.036110085448323,3,1-30
S000665,2025-04-30,U0003,I0002,1,3295.61,3251.18,450.24,1.0136660628268437,19,1-30
S000129,2025-03-15,U0020,I0004,3,8377.51,8287.5,5.37,1.0108615597405262,0,current
S000786,2025-02-18,U0020,I0023,3,2434.67,2415.98,-315.54,1.007739612226192,0,current
S000564,2025-03-19,U0001,I0019,3,9897.58,10556.09,43.89,0.9376186100428104,21,1-30
S000166,2025-03-26,U0007,I0016,1,6888.21,6819.07,-103.19,1.0101387524126184,9,1-30
S000550,2025-08-21,U0021,I0007,1,14122.11,14006.2,720.84,1.008275773100838,14,1-30
S000008,2025-05-16,U0025,I0006,2,527.92,530.04,-46.65,0.9960140894546802,0,current
S000710,2025-07-15,U0009,I0024,1,929.36,938.0,-67.71,0.9907943533941418,0,current
S000039,2025-09-17,U0026,I0012,1,20545.17,19390.34,1424.74,1.0595571476544432,9,1-30
S000622,2025-06-17,U0018,I0047,2,364.85,398.02,-16.75,0.916662103350488,0,current
S000401,2025-03-03,U0011,I0033,3,25873.85,26191.58,-1557.1,0.9878690476299864,0,current
S000702,2025-01-06,U0021,I0018,2,127.94,125.28,7.75,1.0212324393358876,0,current
S000013,2025-06-21,U0014,I0008,2,3203.06,3186.76,191.43,1.0051149129523402,8,1-30
S000795,2025-08-19,U0018,I0032,3,743.83,756.71,11.44,0.982974695248408,7,1-30
S000620,2025-02-09,U0014,I0033,3,34738.28,34615.41,-652.14,1.0035497357712475,0,current
S000440,2025-04-27,U0013,I0044,3,134.94,134.15,-1.9,1.0059398269951452,7,1-30
S000287,2025-01-31,U0014,I0047,2,427.26,414.24,49.55,1.0314398146805153,27,1-30
S000145,2025-01-09,U0014,I0050,1,35.4,32.09,2.91,1.1030149085262042,0,current
S000571,2025-08-07,U0002,I0045,2,8457.02,8598.42,-319.57,0.9835540064833312,14,1-30
S000414,2025-03-30,U0018,I0039,1,359.51,355.67,18.31,1.0108102338161344,11,1-30
S000619,2025-08-28,U0025,I0016,1,7921.55,7811.37,208.01,1.014104394541744,0,current
S000581,2025-04-19,U0004,I0007,3,75258.78,69529.19,4979.44,1.082405608091194,9,1-30
S000478,2025-08-06,U0006,I0044,2,162.26,163.03,-6.68,0.9952992412957422,3,1-30
S000026,2025-05-17,U0007,I0035,1,10542.0,9848.89,740.85,1.0703740930656858,11,1-30
S000082,2025-01-12,U0008,I0029,2,134.55,141.2,-9.66,0.952943895203752,9,1-30
S000362,2025-03-08,U0001,I0025,2,7976.87,7940.82,518.49,1.0045400011805024,15,1-30
S000134,2025-05-18,U0008,I0035,1,14399.27,14645.26,1125.58,0.9832030387479928,5,1-30
S000002,2025-06-01,U0024,I0026,2,16462.15,15317.24,-280.43,1.0747470655617195,14,1-30
S000594,2025-05-11,U0027,I0027,3,767.47,743.49,110.7,1.032250834465753,10,1-30
S000020,2025-05-30,U0023,I0038,3,289.55,303.24,-0.2,0.9548536410956486,8,1-30
S000030,2025-02-10,U0016,I0043,1,2131.15,2107.11,560.56,1.0114114165069452,23,1-30
S000335,2025-05-19,U0022,I0043,1,6025.87,5833.36,769.92,1.0330018745895166,0,current
S000502,2025-06-08,U0027,I0008,2,11047.42,10732.64,-224.24,1.0293292237510996,4,1-30
S000769,2025-02-03,U0007,I0047,1,100.93,88.8,15.11,1.1365644354579776,0,current
S000351,2025-05-16,U0015,I0030,3,1064.64,1051.55,58.14,1.0124466955198328,8,1-30
S000084,2025-03-15,U0009,I0023,3,2420.77,2442.66,-52.56,0.991038668727512,8,1-30
S000496,2025-06-27,U0016,I0029,3,200.4,203.81,21.63,0.9832939633309846,11,1-30
S000331,2025-07-18,U0018,I0041,1,16863.41,17439.16,-85.15,0.9669849941989006,9,1-30
S000054,2025-02-04,U0014,I0014,2,268.21,265.52,14.01,1.0101153095915596,10,1-30
S000800,2025-01-28,U0024,I0019,2,8610.34,8382.88,215.12,1.0271338173280165,14,1-30
S000174,2025-01-08,U0022,I0043,2,9172.35,8558.17,725.97,1.071765007832272,3,1-30
S000437,2025-05-19,U0024,I0050,1,37.93,37.39,9.62,1.0145602600565746,0,current
S000489,2025-01-31,U0003,I0013,1,3502.51,3470.52,407.82,1.0092183353587831,0,current
S000680,2025-09-22,U0025,I0034,1,2048.5,2130.01,-202.88,0.9617322242439847,10,1-30
S000733,2025-04-16,U0021,I0019,1,2160.65,2134.52,19.53,1.0122388141899328,0,current
S000467,2025-04-19,U0027,I0038,1,136.14,124.66,25.89,1.0921075329284131,0,current
S000752,2025-09-09,U0014,I0029,1,100.13,98.56,0.88,1.0159179613287366,5,1-30
S000679,2025-07-05,U0012,I0032,3,581.3,606.1,-74.68,0.9590864980540772,5,1-30
S000424,2025-07-14,U0024,I0045,2,10093.61,9063.54,1675.99,1.1136495912989697,19,1-30
S000782,2025-02-18,U0027,I0012,3,52826.82,51890.2,3017.51,1.018050055181572,4,1-30
S000150,2025-01-25,U0012,I0010,3,47022.36,45675.96,-1359.41,1.0294773443017802,4,1-30
S000517,2025-03-12,U0018,I0049,1,929.78,849.09,175.08,1.0950311509969497,9,1-30
S000219,2025-05-11,U0016,I0006,1,199.32,190.6,6.55,1.04579651511398,2,1-30
S000495,2025-08-08,U0002,I0045,1,3594.7,3210.95,296.5,1.1195111355325902,0,current
S000465,2025-02-02,U0012,I0012,2,53620.19,53600.88,-1415.71,1.0003603530188183,0,current
S000144,2025-04-13,U0027,I0037,3,78.13,84.63,-4.82,0.923217896503694,11,1-30
S000127,2025-09-24,U0003,I0016,1,12011.79,11407.63,1281.88,1.052961186944816,5,1-30
S000153,2025-04-12,U0018,I0023,1,1083.87,1150.76,-105.48,0.9418785609930034,23,1-30
S000239,2025-04-11,U0028,I0030,3,441.77,475.72,-72.99,0.928643179890688,6,1-30
S000536,2025-05-25,U0019,I0011,2,20819.92,19914.64,-293.52,1.0454579801106938,16,1-30
S000703,2025-08-12,U0001,I0018,2,357.2,372.38,14.23,0.9592351898598206,14,1-30
S000248,2025-01-07,U0007,I0035,3,16801.93,17000.95,-357.28,0.9882937231358544,0,current
S000109,2025-02-16,U0005,I0036,1,308.57,314.64,-5.98,0.9807081108568524,2,1-30
S000384,2025-01-27,U0025,I0034,1,1744.12,1788.07,-36.56,0.9754229586921416,32,31-60
S000338,2025-09-05,U0006,I0010,2,31551.02,33374.77,-4334.75,0.9453552379450624,22,1-30
S000778,2025-02-14,U0021,I0022,3,21242.74,21727.4,167.54,0.9776937195823558,6,1-30
S000045,2025-05-06,U0015,I0035,3,64969.96,62387.17,1619.38,1.041399408839853,5,1-30
S000406,2025-03-28,U0022,I0046,1,29258.93,30324.46,-2197.98,0.9648622520089398,0,current
S000635,2025-02-13,U0018,I0029,2,256.3,257.11,-3.52,0.9968122867504676,1,1-30
S000507,2025-06-05,U0007,I0011,1,7965.04,7963.39,103.79,1.0002066441327433,9,1-30
S000325,2025-05-04,U0007,I0014,2,193.09,198.66,-5.27,0.9719775265598464,7,1-30
S000711,2025-02-27,U0028,I0023,3,1977.53,2016.53,36.75,0.9806551724674374,7,1-30
S000169,2025-04-20,U0021,I0022,3,18481.41,18085.77,-866.58,1.0218756124309936,2,1-30
S000138,2025-07-18,U0005,I0029,1,117.93,117.44,-7.69,1.0041990501657228,13,1-30
S000423,2025-04-06,U0013,I0006,3,1058.96,1002.16,6.95,1.0566784351437812,7,1-30
S000221,2025-01-19,U0017,I0041,2,19479.2,19854.26,517.4,0.9811096733620864,0,current
S000226,2025-07-17,U0022,I0007,3,96539.46,99895.51,3775.29,0.966404398816016,0,current
S000455,2025-05-10,U0008,I0011,1,10884.55,11577.82,-345.64,0.940120585548292,8,1-30
S000520,2025-07-03,U0016,I0047,3,308.73,312.29,4.33,0.9886235292318388,1,1-30
S000676,2025-06-24,U0012,I0041,3,45667.73,45883.38,-5273.99,0.9953000612885607,2,1-30
S000580,2025-07-18,U0007,I0046,1,16804.55,16319.3,280.63,1.0297345105685092,18,1-30
S000356,2025-03-12,U0027,I0008,3,22061.98,21784.71,-469.52,1.0127277342686682,0,current
S000712,2025-07-31,U0006,I0040,1,4951.25,5671.28,-502.76,0.8730396041252169,0,current
S000137,2025-04-10,U0018,I0025,1,4303.98,4214.43,-327.28,1.0212482948718071,11,1-30
S000793,2025-08-05,U0025,I0039,3,671.51,587.56,94.06,1.1428736537732354,26,1-30
S000682,2025-01-27,U0005,I0049,1,666.14,723.7,-65.39,0.9204642807793284,0,current
S000603,2025-04-15,U0002,I0007,3,66616.18,68863.88,-2671.56,0.9673601853077104,3,1-30
S000730,2025-09-30,U0010,I0022,3,25080.5,23225.88,2083.34,1.079851392992549,17,1-30
S000697,2025-06-08,U0009,I0040,2,6421.86,6242.0,-142.3,1.0288144595859106,17,1-30
S000725,2025-07-19,U0011,I0002,2,4127.95,3760.43,440.27,1.0977346257705622,8,1-30
S000294,2025-06-26,U0023,I0005,3,27.74,28.2,-0.91,0.9837150944963136,8,1-30
S000755,2025-04-29,U0025,I0009,1,1047.78,1012.81,90.39,1.0345278659137127,7,1-30
S000011,2025-02-04,U0013,I0008,1,2767.79,2611.51,48.79,1.05984277295511,0,current
S000768,2025-07-13,U0026,I0033,1,13482.08,13773.16,-740.05,0.9788658507573836,0,current
S000541,2025-04-13,U0007,I0032,1,108.09,109.81,-6.14,0.9843478857036896,20,1-30
S000252,2025-07-24,U0011,I0016,2,13956.79,15320.92,-1924.66,0.9109630946218265,10,1-30
S000208,2025-01-23,U0018,I0019,3,8207.19,9126.25,-592.48,0.8992948702567355,5,1-30
S000394,2025-05-17,U0001,I0020,1,535.56,576.29,-38.86,0.9293237779590136,0,current
S000070,2025-08-03,U0011,I0044,2,110.63,115.44,-13.6,0.9583315597025296,0,current
S000195,2025-01-29,U0004,I0014,1,143.09,147.9,-10.12,0.9674718189797205,2,1-30
S000573,2025-06-15,U0003,I0011,2,28023.3,29410.23,-1737.98,0.9528420037815304,12,1-30
S000608,2025-02-25,U0024,I0026,3,27311.03,27910.36,260.27,0.9785263677052748,3,1-30
S000113,2025-02-11,U0018,I0011,1,11430.96,11437.88,-127.33,0.9993957674605868,0,current
S000326,2025-02-26,U0012,I0006,1,419.24,435.97,-33.63,0.961639146573468,0,current
S000313,2025-05-20,U0019,I0047,3,372.68,364.74,-6.6,1.0217729167978709,10,1-30
S000433,2025-06-28,U0019,I0024,3,2005.22,2062.13,-72.47,0.9723987635494212,23,1-30
S000503,2025-04-13,U0021,I0031,2,1563.4,1548.24,-42.21,1.0097917635508706,0,current
S000342,2025-04-04,U0025,I0016,1,6959.37,7385.39,-370.88,0.942316254180012,15,1-30
S000612,2025-06-29,U0011,I0033,3,26505.69,28216.63,-1144.41,0.9393640600478704,31,31-60
S000708,2025-08-23,U0027,I0009,1,908.26,860.19,123.55,1.0558787098466578,1,1-30
S000508,2025-05-08,U0016,I0015,1,132.49,131.13,-19.45,1.010387529880706,12,1-30
S000442,2025-08-07,U0012,I0009,2,4929.93,4807.65,-314.87,1.025432977150905,9,1-30
S000282,2025-04-14,U0005,I0050,3,144.13,143.44,-12.86,1.004880199624772,4,1-30
S000408,2025-01-14,U0012,I0011,3,38777.12,43161.51,-3973.91,0.8984190215668485,12,1-30
S000188,2025-05-05,U0014,I0039,1,270.64,274.13,-23.89,0.9872695915116984,0,current
S000443,2025-05-26,U0013,I0047,3,460.82,477.29,-50.7,0.9654942229424028,6,1-30
S000728,2025-06-26,U0008,I0009,3,2913.14,2932.55,-88.22,0.9933827163321256,0,current
S000460,2025-04-12,U0018,I0045,1,4533.62,4512.3,23.76,1.004723499590982,4,1-30
S000093,2025-08-13,U0025,I0025,3,8765.16,9554.22,-1350.5,0.9174120425910366,0,current
S000411,2025-05-02,U0007,I0028,1,2370.96,2248.35,384.68,1.0545329968044066,3,1-30
S000575,2025-02-14,U0021,I0007,3,49027.7,46834.89,-1974.13,1.0468200208507323,1,1-30
S000783,2025-03-02,U0019,I0006,2,630.76,646.59,-73.0,0.9755073895705424,7,1-30
S000504,2025-08-10,U0019,I0030,1,245.61,239.35,17.17,1.0261421880374515,19,1-30
S000476,2025-02-05,U0027,I0017,1,165.51,163.02,10.63,1.015279009595124,12,1-30
S000724,2025-03-31,U0004,I0005,2,68.15,73.53,-9.23,0.9267733815843204,2,1-30
S000558,2025-01-28,U0004,I0029,2,214.85,213.52,-1.68,1.006234863882567,0,current
S000131,2025-05-08,U0005,I0034,3,25965.65,24224.2,-1275.97,1.0718888469958232,0,current
S000729,2025-04-19,U0018,I0050,1,44.02,45.6,0.01,0.9653992525383892,6,1-30
S000563,2025-04-13,U0012,I0040,2,5360.51,5496.37,-28.92,0.9752830024908652,13,1-30
S000610,2025-01-04,U0010,I0038,1,116.84,125.37,3.0,0.9319491536046264,0,current
S000198,2025-02-24,U0005,I0006,3,1457.83,1428.47,143.44,1.0205491288450437,0,current
S000216,2025-09-12,U0020,I0016,1,8933.94,9859.77,-1405.92,0.9061005617017046,13,1-30
S000673,2025-01-01,U0015,I0017,1,303.29,290.37,11.41,1.0444706728262263,8,1-30
S000794,2025-07-27,U0022,I0022,2,33918.97,32212.12,-833.87,1.0529876805409115,21,1-30
S000717,2025-06-26,U0010,I0012,3,70546.24,70412.88,286.62,1.00189399972448,7,1-30
S000482,2025-02-17,U0004,I0001,1,32101.94,29757.19,5577.49,1.0787960144272697,0,current
S000576,2025-03-18,U0018,I0022,3,31522.82,30588.73,-2434.91,1.0305371077898098,2,1-30
S000472,2025-08-28,U0026,I0035,3,51170.63,51327.22,166.21,0.9969491324485796,1,1-30
S000441,2025-09-03,U0013,I0014,1,128.57,119.96,5.63,1.0717989062400888,14,1-30
S000657,2025-07-24,U0015,I0034,1,3430.09,3425.64,-339.04,1.0012981056716752,0,current
S000258,2025-08-30,U0022,I0034,1,3966.3,3860.11,-33.24,1.027510124801322,3,1-30
S000429,2025-02-26,U0004,I0030,2,694.91,714.33,34.52,0.9728108597823638,4,1-30
S000763,2025-04-25,U0009,I0047,2,283.84,277.36,13.66,1.0233807413283844,20,1-30
S000498,2025-07-31,U0021,I0005,1,27.54,28.04,-1.13,0.9823378154086196,11,1-30
S000636,2025-04-21,U0003,I0045,2,8869.52,8766.39,-445.78,1.0117644854584935,0,current
S000491,2025-02-05,U0016,I0043,2,4184.75,3980.15,182.28,1.0514026782699593,4,1-30
S000461,2025-03-17,U0011,I0005,3,85.33,85.8,-3.82,0.9945731683657422,4,1-30
S000077,2025-04-30,U0010,I0033,3,34105.88,32644.73,234.23,1.0447592490985842,0,current
S000553,2025-05-10,U0013,I0017,1,132.83,135.19,2.72,0.9825915104581662,21,1-30
S000701,2025-03-05,U0026,I0045,3,9967.01,9323.75,1246.03,1.0689916164877191,9,1-30
S000707,2025-06-02,U0022,I0016,1,12626.72,12906.42,24.85,0.9783286507609246,0,current
S000066,2025-04-23,U0023,I0012,1,10208.29,10785.16,-910.83,0.9465123794355156,9,1-30
S000736,2025-01-13,U0012,I0010,3,38168.9,36829.18,1665.4,1.03637668468129,0,current
S000207,2025-01-29,U0016,I0038,2,236.12,243.42,30.95,0.9700125275440568,8,1-30
S000009,2025-04-04,U0015,I0036,3,3805.66,4024.66,-50.9,0.945585465604548,17,1-30
S000078,2025-05-19,U0020,I0015,3,671.25,656.96,-4.5,1.0217442135731825,9,1-30
S000693,2025-09-11,U0020,I0040,2,6763.81,6422.91,546.2,1.0530759385206878,5,1-30
S000059,2025-07-01,U0020,I0003,2,47036.03,45313.8,2261.29,1.038006654268793,10,1-30
S000473,2025-06-14,U0003,I0019,2,9350.69,9731.89,1192.28,0.960829947305169,0,current
S000425,2025-08-16,U0004,I0021,2,331.15,345.23,-31.64,0.9592086676007784,22,1-30
S000378,2025-01-01,U0002,I0028,3,8463.69,8684.0,-349.86,0.9746299711799786,0,current
S000481,2025-09-13,U0005,I0036,3,1146.38,1115.07,18.65,1.0280789546844595,4,1-30
S000497,2025-05-28,U0009,I0030,3,666.15,681.92,-81.51,0.9768739308028588,15,1-30
S000632,2025-05-12,U0008,I0001,2,39484.92,45450.65,-7607.83,0.86874266579516,6,1-30
S000770,2025-04-05,U0018,I0044,2,156.35,143.18,16.21,1.0919751001411282,4,1-30
S000320,2025-03-26,U0004,I0017,2,512.02,505.82,-43.82,1.0122685504497666,0,current
S000365,2025-01-09,U0016,I0003,3,33171.03,33018.03,-2395.71,1.00463397230145,5,1-30
S000413,2025-08-27,U0004,I0019,2,10689.54,9933.73,966.75,1.076085022636848,14,1-30
S000142,2025-06-10,U0014,I0031,1,1619.79,1700.89,30.05,0.9523190800110528,0,current
S000089,2025-07-08,U0021,I0005,1,15.92,15.98,0.18,0.9966009872007796,1,1-30
S000648,2025-05-09,U0001,I0028,3,13678.47,13252.85,1331.86,1.0321158573250246,0,current
S000324,2025-04-27,U0026,I0004,2,4686.44,4512.74,-269.9,1.0384928446527677,7,1-30
S000322,2025-04-07,U0020,I0011,2,19972.46,20211.09,-972.0,0.9881934954111008,9,1-30
S000061,2025-09-06,U0011,I0040,1,3182.04,3534.24,-558.47,0.9003469814472922,0,current
S000487,2025-03-12,U0010,I0050,3,98.07,90.8,9.34,1.0800023640659804,17,1-30
S000386,2025-06-03,U0024,I0021,2,243.33,245.5,-19.0,0.9911817024755336,25,1-30
S000420,2025-05-23,U0008,I0012,3,56106.36,56995.17,4779.72,0.98440543438723,0,current
S000434,2025-04-09,U0024,I0044,3,206.78,205.86,-19.47,1.0045078413833786,9,1-30
S000302,2025-04-26,U0021,I0040,1,2313.3,2500.51,-353.92,0.9251313414952732,0,current
S000779,2025-07-25,U0024,I0004,3,13303.16,12792.17,-738.92,1.0399456463795511,0,current
S000297,2025-04-09,U0017,I0009,1,1307.91,1308.37,10.66,0.9996441572435742,0,current
S000316,2025-07-17,U0019,I0020,1,703.14,736.43,-20.7,0.9547954320166208,12,1-30
S000745,2025-06-30,U0008,I0022,3,30244.25,29666.78,903.65,1.0194652695552204,4,1-30
S000047,2025-06-23,U0003,I0011,3,45045.85,48888.59,-4008.62,0.921397987217338,0,current
S000087,2025-04-15,U0003,I0005,2,62.07,64.95,-3.13,0.955560134338454,13,1-30
S000110,2025-02-08,U0003,I0025,3,10767.18,11205.55,-1812.47,0.9608791833019276,0,current
S000361,2025-05-29,U0021,I0024,2,742.75,749.5,-6.18,0.9909846488575234,7,1-30
S000646,2025-06-28,U0013,I0020,2,2961.32,3006.34,-101.27,0.9850249805411232,0,current
S000017,2025-09-18,U0004,I0002,2,5805.13,5846.29,299.19,0.9929604556791808,6,1-30
S000494,2025-08-25,U0008,I0036,2,1296.21,1227.08,115.16,1.056336995142941,18,1-30
S000194,2025-05-10,U0024,I0001,1,21398.65,19919.69,-785.62,1.0742459393366923,0,current
S000762,2025-01-02,U0025,I0042,1,535.43,515.81,10.17,1.0380472762940558,18,1-30
S000629,2025-08-11,U0003,I0012,3,91422.08,91227.66,9150.81,1.0021311261539354,0,current
S000402,2025-02-21,U0012,I0015,1,209.24,208.51,6.71,1.0035056579366608,0,current
S000540,2025-04-02,U0008,I0031,3,5704.52,5626.97,77.22,1.0137818399600496,0,current
S000439,2025-04-21,U0022,I0030,2,810.05,792.23,-23.02,1.0224907663278269,0,current
S000141,2025-03-27,U0017,I0032,3,379.36,362.2,-3.91,1.047382480492415,0,current
S000199,2025-02-27,U0007,I0009,1,1020.13,992.36,56.64,1.0279770185308084,0,current
S000468,2025-05-29,U0005,I0015,1,244.79,233.46,-13.04,1.0485248990431866,9,1-30
S000015,2025-06-17,U0028,I0049,1,3654.91,4000.79,-419.09,0.9135470744527956,13,1-30
S000088,2025-06-21,U0020,I0036,1,341.34,317.59,41.05,1.0747819515727826,0,current
S000266,2025-01-20,U0019,I0041,1,11762.35,12526.38,-1252.62,0.939006212757924,6,1-30
S000263,2025-05-28,U0001,I0001,1,23911.85,23962.86,136.93,0.9978710689477778,0,current
S000223,2025-02-04,U0009,I0012,3,75618.8,74118.43,-4569.07,1.0202427543817854,4,1-30
S000260,2025-07-22,U0008,I0042,2,1189.37,1167.31,48.97,1.018898549899735,13,1-30
S000004,2025-06-14,U0022,I0035,2,50963.62,51455.81,-3742.87,0.9904347837559192,0,current
S000355,2025-02-02,U0019,I0035,3,30085.91,30891.47,-2225.54,0.9739230677606808,18,1-30
S000490,2025-06-24,U0025,I0026,3,15861.93,15839.5,-1246.48,1.0014163372541471,19,1-30
S000616,2025-01-28,U0017,I0004,2,4805.92,4695.47,271.01,1.0235225177785086,3,1-30
S000474,2025-05-21,U0020,I0014,1,144.66,144.2,4.6,1.003229482847161,0,current
S000662,2025-08-11,U0002,I0044,2,93.31,97.23,-6.82,0.9597041110691156,0,current
S000140,2025-01-25,U0024,I0048,2,15263.08,16920.06,-1675.78,0.9020704279801486,2,1-30
S000068,2025-05-27,U0020,I0008,2,4582.98,4931.96,-82.74,0.9292411130666104,8,1-30
S000516,2025-03-21,U0015,I0039,1,312.6,333.42,-15.6,0.9375628694646144,11,1-30
S000343,2025-04-06,U0016,I0010,2,16126.05,16649.97,230.48,0.9685327757832748,6,1-30
S000057,2025-04-28,U0011,I0032,2,215.49,210.85,10.28,1.0219818303008497,12,1-30
S000305,2025-01-29,U0003,I0038,2,469.88,496.82,9.56,0.945769468878188,15,1-30
S000052,2025-02-26,U0027,I0026,2,10935.77,10809.08,289.29,1.0117200446349348,0,current
S000514,2025-07-10,U0027,I0028,2,6559.16,6516.22,-423.7,1.006589921350541,0,current
S000466,2025-03-27,U0015,I0029,1,151.83,164.5,-10.4,0.922963275186796,11,1-30
S000531,2025-06-23,U0012,I0038,1,235.98,224.52,4.99,1.0510441410501237,5,1-30
S000306,2025-06-21,U0015,I0014,1,184.65,178.59,2.64,1.0339261975700014,12,1-30
S000435,2025-01-17,U0002,I0010,3,40826.04,41509.3,-1120.01,0.9835395300820496,11,1-30
S000538,2025-05-31,U0002,I0030,3,713.11,674.35,37.16,1.0574688420478908,0,current
S000696,2025-02-05,U0013,I0036,1,701.97,765.15,-62.81,0.917427955302882,0,current
S000358,2025-08-23,U0016,I0038,3,439.79,426.92,-3.55,1.030150342671334,26,1-30
S000187,2025-09-27,U0003,I0043,2,8550.01,8549.43,693.23,1.0000669923377243,0,current
S000556,2025-09-04,U0021,I0021,1,102.42,105.18,-8.5,0.973779255351448,11,1-30
S000130,2025-04-08,U0024,I0035,2,29538.03,29085.1,-734.48,1.015572641715172,7,1-30
S000360,2025-08-21,U0005,I0037,2,94.02,90.73,-5.46,1.0363049180723167,0,current
S000245,2025-03-17,U0005,I0033,2,25754.1,26029.67,1008.84,0.9894133098727804,0,current
S000256,2025-06-03,U0010,I0024,2,1096.94,1095.57,-10.69,1.0012564355608016,13,1-30
S000391,2025-08-17,U0003,I0008,3,2130.88,2095.3,39.74,1.0169808619290794,5,1-30
S000721,2025-08-08,U0018,I0034,1,3185.75,3328.02,-118.12,0.957250760954581,0,current
S000155,2025-05-25,U0019,I0040,2,5117.82,5492.63,-440.27,0.9317629173899216,0,current
S000372,2025-06-22,U0019,I0020,3,3543.46,3617.52,265.01,0.9795274110440302,9,1-30
S000799,2025-01-11,U0018,I0022,3,32341.14,31784.57,1924.88,1.0175106248929262,0,current
S000583,2025-06-04,U0020,I0011,3,32898.7,33407.29,225.81,0.9847761096126736,4,1-30
S000760,2025-01-10,U0027,I0040,1,1171.06,1160.67,51.74,1.008944585585259,9,1-30
S000159,2025-09-27,U0011,I0025,3,8935.46,9156.49,167.91,0.9758604920637678,19,1-30
S000756,2025-08-20,U0009,I0050,3,113.16,113.04,-15.12,1.0010599321756184,22,1-30
S000272,2025-06-29,U0017,I0037,3,73.44,72.63,0.82,1.0111983714186723,12,1-30
S000485,2025-08-22,U0028,I0032,1,138.55,143.98,-24.41,0.9622390290291488,0,current
S000147,2025-08-28,U0028,I0038,3,555.76,541.43,52.22,1.026470670356286,0,current
S000718,2025-03-21,U0022,I0015,2,645.29,663.27,-48.55,0.9728959601402748,35,31-60
S000395,2025-05-12,U0019,I0030,2,453.02,463.35,11.87,0.9776965310770585,7,1-30
S000419,2025-05-16,U0026,I0023,2,1703.37,1663.43,74.67,1.0240120576255882,6,1-30
S000577,2025-05-23,U0005,I0037,2,73.06,69.95,10.23,1.0444673126886177,23,1-30
S000792,2025-04-06,U0018,I0036,1,502.14,512.89,-46.47,0.9790403400339254,13,1-30
S000681,2025-04-23,U0002,I0030,2,519.24,508.16,5.38,1.0218139726616433,10,1-30
S000589,2025-05-22,U0013,I0011,2,16649.27,17697.58,-187.69,0.9407657678168836,0,current
S000291,2025-01-23,U0015,I0029,3,306.53,303.34,-13.99,1.010533343886231,19,1-30
S000412,2025-07-27,U0021,I0015,1,152.96,148.85,6.21,1.0276538393512622,15,1-30
S000631,2025-06-07,U0025,I0042,3,2050.43,2055.56,-37.84,0.9975047304456643,2,1-30
S000214,2025-07-19,U0012,I0017,1,295.0,318.66,-6.1,0.9257472260436282,0,current
S000359,2025-06-10,U0017,I0021,1,83.75,91.73,-7.91,0.9129748505486092,8,1-30
S000181,2025-03-30,U0022,I0045,2,10109.39,9886.78,224.18,1.0225158639021907,0,current
S000381,2025-01-27,U0006,I0022,2,26207.77,26591.06,200.46,0.985585727093634,27,1-30
S000100,2025-09-04,U0021,I0010,2,18189.34,18453.43,-454.09,0.9856888525079666,0,current
S000136,2025-04-16,U0006,I0042,2,1658.54,1700.18,41.25,0.9755124908549396,10,1-30
S000177,2025-01-01,U0010,I0001,3,53936.49,49989.37,5280.86,1.0789592751490815,14,1-30
S000505,2025-01-18,U0012,I0046,1,21120.6,21200.92,-556.78,0.9962114261770086,0,current
S000560,2025-03-22,U0028,I0035,3,31121.58,30624.11,3420.37,1.0162442359412291,0,current
S000597,2025-01-17,U0026,I0038,1,150.44,165.1,-4.15,0.9112528477710636,14,1-30
S000797,2025-07-14,U0020,I0028,1,3853.68,3840.63,-286.9,1.0033984985581812,0,current
S000040,2025-07-08,U0002,I0010,3,42751.58,45264.74,-3521.09,0.944478465779276,7,1-30
S000341,2025-08-14,U0023,I0035,1,5511.82,5521.34,5.3,0.9982762567482684,0,current
S000003,2025-08-22,U0028,I0026,3,17860.62,17352.01,1143.75,1.0293111165679638,12,1-30
S000452,2025-05-25,U0012,I0018,2,169.02,174.43,-10.81,0.9689846930000572,18,1-30
S000069,2025-09-07,U0025,I0049,1,4494.53,4255.67,423.27,1.0561274722899097,0,current
S000209,2025-06-05,U0006,I0036,1,492.28,449.79,46.14,1.0944663064985882,6,1-30
S000609,2025-07-26,U0003,I0009,3,4999.82,5474.57,-437.11,0.913280711877555,9,1-30
S000421,2025-08-03,U0008,I0024,2,1402.14,1433.22,-177.25,0.9783186257422908,13,1-30
S000254,2025-01-01,U0020,I0005,1,27.42,26.35,0.87,1.040456065549512,6,1-30
S000340,2025-01-21,U0021,I0011,1,6707.57,7215.13,-1237.18,0.9296542917199068,2,1-30
S000410,2025-08-09,U0010,I0028,2,8297.9,7763.12,533.84,1.0688868118137371,13,1-30
S000112,2025-08-01,U0014,I0023,3,2881.82,2803.53,46.37,1.0279274479637113,16,1-30
S000225,2025-07-28,U0010,I0029,2,48.69,53.36,-4.45,0.9123950713636516,17,1-30
S000545,2025-06-10,U0004,I0038,2,469.05,480.95,2.39,0.9752625784737142,0,current
S000074,2025-06-02,U0009,I0007,3,56040.5,56522.09,-2665.72,0.9914796209417897,9,1-30
S000048,2025-02-16,U0004,I0048,2,24577.82,25467.83,-2260.34,0.9650534785710628,5,1-30
S000639,2025-06-15,U0005,I0020,1,762.27,797.88,-66.73,0.9553692284554068,13,1-30
S000114,2025-01-08,U0003,I0040,2,6688.82,7049.13,-395.69,0.9488859859176336,16,1-30
S000097,2025-01-03,U0018,I0004,3,12029.85,11886.24,-225.69,1.0120822260838376,19,1-30
S000738,2025-01-28,U0014,I0005,1,29.92,28.74,-0.92,1.0409035046637245,0,current
S000215,2025-06-21,U0028,I0050,2,38.72,38.28,2.31,1.0114385014464469,12,1-30
S000570,2025-01-20,U0010,I0044,3,145.6,132.81,27.21,1.0962506400867926,10,1-30
S000124,2025-07-02,U0018,I0002,1,3224.96,3449.64,-232.94,0.9348673941582768,4,1-30
S000107,2025-03-23,U0015,I0013,1,6131.7,6005.53,245.04,1.0210094299362469,3,1-30
S000596,2025-09-10,U0001,I0023,3,4012.25,3680.8,511.26,1.0900495300344368,6,1-30
S000018,2025-05-29,U0015,I0027,2,970.54,994.73,-26.8,0.9756846045463334,27,1-30
S000743,2025-09-09,U0015,I0014,1,209.31,212.66,22.05,0.9842531679621428,1,1-30
S000099,2025-07-11,U0019,I0031,3,2957.37,2859.62,203.19,1.0341828634573824,30,1-30
S000323,2025-05-29,U0006,I0017,1,237.47,228.38,6.02,1.039827201526,1,1-30
S000383,2025-01-12,U0018,I0012,3,101373.07,100521.29,5918.79,1.008473693559663,0,current
S000366,2025-06-11,U0018,I0032,3,548.66,544.55,20.0,1.0075460763403248,31,31-60
S000511,2025-07-31,U0007,I0010,3,32758.78,31244.35,3542.46,1.0484704895374102,0,current
